"did:plc:firesim1","2026-07-08T12:17:35Z","false"
"did:plc:firesim2","2026-07-08T12:17:35Z","false"
"did:plc:firesim3","2026-07-08T12:17:35Z","false"
"did:plc:firesim4","2026-07-08T12:17:35Z","false"
"did:plc:firesim5","2026-07-08T12:17:35Z","false"
"did:plc:firesim6","2026-07-08T12:17:35Z","false"
"did:plc:firesim7","2026-07-08T12:17:35Z","false"
"did:plc:firesim8","2026-07-08T12:17:35Z","false"
"did:plc:firesim9","2026-07-08T12:17:35Z","false"
"did:plc:firesim10","2026-07-08T12:17:35Z","false"
"did:plc:firesim11","2026-07-08T12:17:35Z","false"
"did:plc:firesim12","2026-07-08T12:17:35Z","false"
"did:plc:firesim13","2026-07-08T12:17:35Z","false"
"did:plc:firesim14","2026-07-08T12:17:35Z","false"
"did:plc:firesim15","2026-07-08T12:17:35Z","false"
"did:plc:firesim16","2026-07-08T12:17:35Z","false"
"did:plc:firesim17","2026-07-08T12:17:35Z","false"
"did:plc:firesim18","2026-07-08T12:17:35Z","false"
"did:plc:firesim19","2026-07-08T12:17:35Z","false"
"did:plc:firesim20","2026-07-08T12:17:35Z","false"
"did:plc:firesim21","2026-07-08T12:17:35Z","false"
"did:plc:firesim22","2026-07-08T12:17:35Z","false"
"did:plc:firesim23","2026-07-08T12:17:35Z","false"
"did:plc:firesim24","2026-07-08T12:17:35Z","false"
"did:plc:firesim25","2026-07-08T12:17:35Z","false"
"did:plc:firesim26","2026-07-08T12:17:35Z","false"
"did:plc:firesim27","2026-07-08T12:17:35Z","false"
"did:plc:firesim28","2026-07-08T12:17:35Z","false"
"did:plc:firesim29","2026-07-08T12:17:35Z","false"
"did:plc:firesim30","2026-07-08T12:17:35Z","false"
"did:plc:firesim31","2026-07-08T12:17:35Z","false"
"did:plc:firesim32","2026-07-08T12:17:35Z","false"
"did:plc:firesim33","2026-07-08T12:17:35Z","false"
"did:plc:firesim34","2026-07-08T12:17:35Z","false"
"did:plc:firesim35","2026-07-08T12:17:35Z","false"
"did:plc:firesim36","2026-07-08T12:17:35Z","false"
"did:plc:firesim37","2026-07-08T12:17:35Z","false"
"did:plc:firesim38","2026-07-08T12:17:35Z","false"
"did:plc:firesim39","2026-07-08T12:17:35Z","false"
"did:plc:firesim40","2026-07-08T12:17:35Z","false"
"did:plc:firesim41","2026-07-08T12:17:35Z","false"
"did:plc:firesim42","2026-07-08T12:17:35Z","false"
"did:plc:firesim43","2026-07-08T12:17:35Z","false"
"did:plc:firesim44","2026-07-08T12:17:35Z","false"
"did:plc:firesim45","2026-07-08T12:17:35Z","false"
"did:plc:firesim46","2026-07-08T12:17:35Z","false"
"did:plc:firesim47","2026-07-08T12:17:35Z","false"
"did:plc:firesim48","2026-07-08T12:17:35Z","false"
"did:plc:firesim49","2026-07-08T12:17:35Z","false"
"did:plc:firesim50","2026-07-08T12:17:35Z","false"
"did:plc:firesim51","2026-07-08T12:17:35Z","false"
"did:plc:firesim52","2026-07-08T12:17:35Z","false"
"did:plc:firesim53","2026-07-08T12:17:35Z","false"
"did:plc:firesim54","2026-07-08T12:17:35Z","false"
"did:plc:firesim55","2026-07-08T12:17:35Z","false"
"did:plc:firesim56","2026-07-08T12:17:35Z","false"
"did:plc:firesim57","2026-07-08T12:17:35Z","false"
"did:plc:firesim58","2026-07-08T12:17:35Z","false"
"did:plc:firesim59","2026-07-08T12:17:35Z","false"
"did:plc:firesim60","2026-07-08T12:17:35Z","false"
"did:plc:firesim61","2026-07-08T12:17:35Z","false"
"did:plc:firesim62","2026-07-08T12:17:35Z","false"
"did:plc:firesim63","2026-07-08T12:17:35Z","false"
"did:plc:firesim64","2026-07-08T12:17:35Z","false"
"did:plc:firesim65","2026-07-08T12:17:35Z","false"
"did:plc:firesim66","2026-07-08T12:17:35Z","false"
"did:plc:firesim67","2026-07-08T12:17:35Z","false"
"did:plc:firesim68","2026-07-08T12:17:35Z","false"
"did:plc:firesim69","2026-07-08T12:17:35Z","false"
"did:plc:firesim70","2026-07-08T12:17:35Z","false"
"did:plc:firesim71","2026-07-08T12:17:35Z","false"
"did:plc:firesim72","2026-07-08T12:17:35Z","false"
"did:plc:firesim73","2026-07-08T12:17:35Z","false"
"did:plc:firesim74","2026-07-08T12:17:35Z","false"
"did:plc:firesim75","2026-07-08T12:17:35Z","false"
"did:plc:firesim76","2026-07-08T12:17:35Z","false"
"did:plc:firesim77","2026-07-08T12:17:35Z","false"
"did:plc:firesim78","2026-07-08T12:17:35Z","false"
"did:plc:firesim79","2026-07-08T12:17:35Z","false"
"did:plc:firesim80","2026-07-08T12:17:35Z","false"
"did:plc:firesim81","2026-07-08T12:17:35Z","false"
"did:plc:firesim82","2026-07-08T12:17:35Z","false"
"did:plc:firesim83","2026-07-08T12:17:35Z","false"
"did:plc:firesim84","2026-07-08T12:17:35Z","false"
"did:plc:firesim85","2026-07-08T12:17:35Z","false"
"did:plc:firesim86","2026-07-08T12:17:35Z","false"
"did:plc:firesim87","2026-07-08T12:17:35Z","false"
"did:plc:firesim88","2026-07-08T12:17:35Z","false"
"did:plc:firesim89","2026-07-08T12:17:35Z","false"
"did:plc:firesim90","2026-07-08T12:17:35Z","false"
"did:plc:firesim91","2026-07-08T12:17:35Z","false"
"did:plc:firesim92","2026-07-08T12:17:35Z","false"
"did:plc:firesim93","2026-07-08T12:17:35Z","false"
"did:plc:firesim94","2026-07-08T12:17:35Z","false"
"did:plc:firesim95","2026-07-08T12:17:35Z","false"
"did:plc:firesim96","2026-07-08T12:17:35Z","false"
"did:plc:firesim97","2026-07-08T12:17:35Z","false"
"did:plc:firesim98","2026-07-08T12:17:35Z","false"
"did:plc:firesim99","2026-07-08T12:17:35Z","false"
"did:plc:firesim100","2026-07-08T12:17:35Z","false"
"did:plc:firesim101","2026-07-08T12:17:35Z","false"
"did:plc:firesim102","2026-07-08T12:17:35Z","false"
"did:plc:firesim103","2026-07-08T12:17:35Z","false"
"did:plc:firesim104","2026-07-08T12:17:35Z","false"
"did:plc:firesim105","2026-07-08T12:17:35Z","false"
"did:plc:firesim106","2026-07-08T12:17:35Z","false"
"did:plc:firesim107","2026-07-08T12:17:35Z","false"
"did:plc:firesim108","2026-07-08T12:17:35Z","false"
"did:plc:firesim109","2026-07-08T12:17:35Z","false"
"did:plc:firesim110","2026-07-08T12:17:35Z","false"
"did:plc:firesim111","2026-07-08T12:17:35Z","false"
"did:plc:firesim112","2026-07-08T12:17:35Z","false"
"did:plc:firesim113","2026-07-08T12:17:35Z","false"
"did:plc:firesim114","2026-07-08T12:17:35Z","false"
"did:plc:firesim115","2026-07-08T12:17:35Z","false"
"did:plc:firesim116","2026-07-08T12:17:35Z","false"
"did:plc:firesim117","2026-07-08T12:17:35Z","false"
"did:plc:firesim118","2026-07-08T12:17:35Z","false"
"did:plc:firesim119","2026-07-08T12:17:35Z","false"
"did:plc:firesim120","2026-07-08T12:17:35Z","false"
"did:plc:firesim121","2026-07-08T12:17:35Z","false"
"did:plc:firesim122","2026-07-08T12:17:35Z","false"
"did:plc:firesim123","2026-07-08T12:17:35Z","false"
"did:plc:firesim124","2026-07-08T12:17:35Z","false"
"did:plc:firesim125","2026-07-08T12:17:35Z","false"
"did:plc:firesim126","2026-07-08T12:17:35Z","false"
"did:plc:firesim127","2026-07-08T12:17:35Z","false"
"did:plc:firesim128","2026-07-08T12:17:35Z","false"
"did:plc:firesim129","2026-07-08T12:17:35Z","false"
"did:plc:firesim130","2026-07-08T12:17:35Z","false"
"did:plc:firesim131","2026-07-08T12:17:35Z","false"
"did:plc:firesim132","2026-07-08T12:17:35Z","false"
"did:plc:firesim133","2026-07-08T12:17:35Z","false"
"did:plc:firesim134","2026-07-08T12:17:35Z","false"
"did:plc:firesim135","2026-07-08T12:17:35Z","false"
"did:plc:firesim136","2026-07-08T12:17:35Z","false"
"did:plc:firesim137","2026-07-08T12:17:35Z","false"
"did:plc:firesim138","2026-07-08T12:17:35Z","false"
"did:plc:firesim139","2026-07-08T12:17:35Z","false"
"did:plc:firesim140","2026-07-08T12:17:35Z","false"
"did:plc:firesim141","2026-07-08T12:17:35Z","false"
"did:plc:firesim142","2026-07-08T12:17:35Z","false"
"did:plc:firesim143","2026-07-08T12:17:35Z","false"
"did:plc:firesim144","2026-07-08T12:17:35Z","false"
"did:plc:firesim145","2026-07-08T12:17:35Z","false"
"did:plc:firesim146","2026-07-08T12:17:35Z","false"
"did:plc:firesim147","2026-07-08T12:17:35Z","false"
"did:plc:firesim148","2026-07-08T12:17:35Z","false"
"did:plc:firesim149","2026-07-08T12:17:35Z","false"
"did:plc:firesim150","2026-07-08T12:17:35Z","false"
"did:plc:firesim151","2026-07-08T12:17:35Z","false"
"did:plc:firesim152","2026-07-08T12:17:35Z","false"
"did:plc:firesim153","2026-07-08T12:17:35Z","false"
"did:plc:firesim154","2026-07-08T12:17:35Z","false"
"did:plc:firesim155","2026-07-08T12:17:35Z","false"
"did:plc:firesim156","2026-07-08T12:17:35Z","false"
"did:plc:firesim157","2026-07-08T12:17:35Z","false"
"did:plc:firesim158","2026-07-08T12:17:35Z","false"
"did:plc:firesim159","2026-07-08T12:17:35Z","false"
"did:plc:firesim160","2026-07-08T12:17:35Z","false"
"did:plc:firesim161","2026-07-08T12:17:35Z","false"
"did:plc:firesim162","2026-07-08T12:17:35Z","false"
"did:plc:firesim163","2026-07-08T12:17:35Z","false"
"did:plc:firesim164","2026-07-08T12:17:35Z","false"
"did:plc:firesim165","2026-07-08T12:17:35Z","false"
"did:plc:firesim166","2026-07-08T12:17:35Z","false"
"did:plc:firesim167","2026-07-08T12:17:35Z","false"
"did:plc:firesim168","2026-07-08T12:17:35Z","false"
"did:plc:firesim169","2026-07-08T12:17:35Z","false"
"did:plc:firesim170","2026-07-08T12:17:35Z","false"
"did:plc:firesim171","2026-07-08T12:17:35Z","false"
"did:plc:firesim172","2026-07-08T12:17:35Z","false"
"did:plc:firesim173","2026-07-08T12:17:35Z","false"
"did:plc:firesim174","2026-07-08T12:17:35Z","false"
"did:plc:firesim175","2026-07-08T12:17:35Z","false"
"did:plc:firesim176","2026-07-08T12:17:35Z","false"
"did:plc:firesim177","2026-07-08T12:17:35Z","false"
"did:plc:firesim178","2026-07-08T12:17:35Z","false"
"did:plc:firesim179","2026-07-08T12:17:35Z","false"
"did:plc:firesim180","2026-07-08T12:17:35Z","false"
"did:plc:firesim181","2026-07-08T12:17:35Z","false"
"did:plc:firesim182","2026-07-08T12:17:35Z","false"
"did:plc:firesim183","2026-07-08T12:17:35Z","false"
"did:plc:firesim184","2026-07-08T12:17:35Z","false"
"did:plc:firesim185","2026-07-08T12:17:35Z","false"
"did:plc:firesim186","2026-07-08T12:17:35Z","false"
"did:plc:firesim187","2026-07-08T12:17:35Z","false"
"did:plc:firesim188","2026-07-08T12:17:35Z","false"
"did:plc:firesim189","2026-07-08T12:17:35Z","false"
"did:plc:firesim190","2026-07-08T12:17:35Z","false"
"did:plc:firesim191","2026-07-08T12:17:35Z","false"
"did:plc:firesim192","2026-07-08T12:17:35Z","false"
"did:plc:firesim193","2026-07-08T12:17:35Z","false"
"did:plc:firesim194","2026-07-08T12:17:35Z","false"
"did:plc:firesim195","2026-07-08T12:17:35Z","false"
"did:plc:firesim196","2026-07-08T12:17:35Z","false"
"did:plc:firesim197","2026-07-08T12:17:35Z","false"
"did:plc:firesim198","2026-07-08T12:17:35Z","false"
"did:plc:firesim199","2026-07-08T12:17:35Z","false"
"did:plc:firesim200","2026-07-08T12:17:35Z","false"
"did:plc:firesim201","2026-07-08T12:17:35Z","false"
"did:plc:firesim202","2026-07-08T12:17:35Z","false"
"did:plc:firesim203","2026-07-08T12:17:35Z","false"
"did:plc:firesim204","2026-07-08T12:17:35Z","false"
"did:plc:firesim205","2026-07-08T12:17:35Z","false"
"did:plc:firesim206","2026-07-08T12:17:35Z","false"
"did:plc:firesim207","2026-07-08T12:17:35Z","false"
"did:plc:firesim208","2026-07-08T12:17:35Z","false"
"did:plc:firesim209","2026-07-08T12:17:35Z","false"
"did:plc:firesim210","2026-07-08T12:17:35Z","false"
"did:plc:firesim211","2026-07-08T12:17:35Z","false"
"did:plc:firesim212","2026-07-08T12:17:35Z","false"
"did:plc:firesim213","2026-07-08T12:17:35Z","false"
"did:plc:firesim214","2026-07-08T12:17:35Z","false"
"did:plc:firesim215","2026-07-08T12:17:35Z","false"
"did:plc:firesim216","2026-07-08T12:17:35Z","false"
"did:plc:firesim217","2026-07-08T12:17:35Z","false"
"did:plc:firesim218","2026-07-08T12:17:35Z","false"
"did:plc:firesim219","2026-07-08T12:17:35Z","false"
"did:plc:firesim220","2026-07-08T12:17:35Z","false"
"did:plc:firesim221","2026-07-08T12:17:35Z","false"
"did:plc:firesim222","2026-07-08T12:17:35Z","false"
"did:plc:firesim223","2026-07-08T12:17:35Z","false"
"did:plc:firesim224","2026-07-08T12:17:35Z","false"
"did:plc:firesim225","2026-07-08T12:17:35Z","false"
"did:plc:firesim226","2026-07-08T12:17:35Z","false"
"did:plc:firesim227","2026-07-08T12:17:35Z","false"
"did:plc:firesim228","2026-07-08T12:17:35Z","false"
"did:plc:firesim229","2026-07-08T12:17:35Z","false"
"did:plc:firesim230","2026-07-08T12:17:35Z","false"
"did:plc:firesim231","2026-07-08T12:17:35Z","false"
"did:plc:firesim232","2026-07-08T12:17:35Z","false"
"did:plc:firesim233","2026-07-08T12:17:35Z","false"
"did:plc:firesim234","2026-07-08T12:17:35Z","false"
"did:plc:firesim235","2026-07-08T12:17:35Z","false"
"did:plc:firesim236","2026-07-08T12:17:35Z","false"
"did:plc:firesim237","2026-07-08T12:17:35Z","false"
"did:plc:firesim238","2026-07-08T12:17:35Z","false"
"did:plc:firesim239","2026-07-08T12:17:35Z","false"
"did:plc:firesim240","2026-07-08T12:17:35Z","false"
"did:plc:firesim241","2026-07-08T12:17:35Z","false"
"did:plc:firesim242","2026-07-08T12:17:35Z","false"
"did:plc:firesim243","2026-07-08T12:17:35Z","false"
"did:plc:firesim244","2026-07-08T12:17:35Z","false"
"did:plc:firesim245","2026-07-08T12:17:35Z","false"
"did:plc:firesim246","2026-07-08T12:17:35Z","false"
"did:plc:firesim247","2026-07-08T12:17:35Z","false"
"did:plc:firesim248","2026-07-08T12:17:35Z","false"
"did:plc:firesim249","2026-07-08T12:17:35Z","false"
"did:plc:firesim250","2026-07-08T12:17:35Z","false"
"did:plc:firesim251","2026-07-08T12:17:35Z","false"
"did:plc:firesim252","2026-07-08T12:17:35Z","false"
"did:plc:firesim253","2026-07-08T12:17:35Z","false"
"did:plc:firesim254","2026-07-08T12:17:35Z","false"
"did:plc:firesim255","2026-07-08T12:17:35Z","false"
"did:plc:firesim256","2026-07-08T12:17:35Z","false"
"did:plc:firesim257","2026-07-08T12:17:35Z","false"
"did:plc:firesim258","2026-07-08T12:17:35Z","false"
"did:plc:firesim259","2026-07-08T12:17:35Z","false"
"did:plc:firesim260","2026-07-08T12:17:35Z","false"
"did:plc:firesim261","2026-07-08T12:17:35Z","false"
"did:plc:firesim262","2026-07-08T12:17:35Z","false"
"did:plc:firesim263","2026-07-08T12:17:35Z","false"
"did:plc:firesim264","2026-07-08T12:17:35Z","false"
"did:plc:firesim265","2026-07-08T12:17:35Z","false"
"did:plc:firesim266","2026-07-08T12:17:35Z","false"
"did:plc:firesim267","2026-07-08T12:17:35Z","false"
"did:plc:firesim268","2026-07-08T12:17:35Z","false"
"did:plc:firesim269","2026-07-08T12:17:35Z","false"
"did:plc:firesim270","2026-07-08T12:17:35Z","false"
"did:plc:firesim271","2026-07-08T12:17:35Z","false"
"did:plc:firesim272","2026-07-08T12:17:35Z","false"
"did:plc:firesim273","2026-07-08T12:17:35Z","false"
"did:plc:firesim274","2026-07-08T12:17:35Z","false"
"did:plc:firesim275","2026-07-08T12:17:35Z","false"
"did:plc:firesim276","2026-07-08T12:17:35Z","false"
"did:plc:firesim277","2026-07-08T12:17:35Z","false"
"did:plc:firesim278","2026-07-08T12:17:35Z","false"
"did:plc:firesim279","2026-07-08T12:17:35Z","false"
"did:plc:firesim280","2026-07-08T12:17:35Z","false"
"did:plc:firesim281","2026-07-08T12:17:35Z","false"
"did:plc:firesim282","2026-07-08T12:17:35Z","false"
"did:plc:firesim283","2026-07-08T12:17:35Z","false"
"did:plc:firesim284","2026-07-08T12:17:35Z","false"
"did:plc:firesim285","2026-07-08T12:17:35Z","false"
"did:plc:firesim286","2026-07-08T12:17:35Z","false"
"did:plc:firesim287","2026-07-08T12:17:35Z","false"
"did:plc:firesim288","2026-07-08T12:17:35Z","false"
"did:plc:firesim289","2026-07-08T12:17:35Z","false"
"did:plc:firesim290","2026-07-08T12:17:35Z","false"
"did:plc:firesim291","2026-07-08T12:17:35Z","false"
"did:plc:firesim292","2026-07-08T12:17:35Z","false"
"did:plc:firesim293","2026-07-08T12:17:35Z","false"
"did:plc:firesim294","2026-07-08T12:17:35Z","false"
"did:plc:firesim295","2026-07-08T12:17:35Z","false"
"did:plc:firesim296","2026-07-08T12:17:35Z","false"
"did:plc:firesim297","2026-07-08T12:17:35Z","false"
"did:plc:firesim298","2026-07-08T12:17:35Z","false"
"did:plc:firesim299","2026-07-08T12:17:35Z","false"
"did:plc:firesim300","2026-07-08T12:17:35Z","false"
"did:plc:firesim301","2026-07-08T12:17:35Z","false"
"did:plc:firesim302","2026-07-08T12:17:35Z","false"
"did:plc:firesim303","2026-07-08T12:17:35Z","false"
"did:plc:firesim304","2026-07-08T12:17:35Z","false"
"did:plc:firesim305","2026-07-08T12:17:35Z","false"
"did:plc:firesim306","2026-07-08T12:17:35Z","false"
"did:plc:firesim307","2026-07-08T12:17:35Z","false"
"did:plc:firesim308","2026-07-08T12:17:35Z","false"
"did:plc:firesim309","2026-07-08T12:17:35Z","false"
"did:plc:firesim310","2026-07-08T12:17:35Z","false"
"did:plc:firesim311","2026-07-08T12:17:35Z","false"
"did:plc:firesim312","2026-07-08T12:17:35Z","false"
"did:plc:firesim313","2026-07-08T12:17:35Z","false"
"did:plc:firesim314","2026-07-08T12:17:35Z","false"
"did:plc:firesim315","2026-07-08T12:17:35Z","false"
"did:plc:firesim316","2026-07-08T12:17:35Z","false"
"did:plc:firesim317","2026-07-08T12:17:35Z","false"
"did:plc:firesim318","2026-07-08T12:17:35Z","false"
"did:plc:firesim319","2026-07-08T12:17:35Z","false"
"did:plc:firesim320","2026-07-08T12:17:35Z","false"
"did:plc:firesim321","2026-07-08T12:17:35Z","false"
"did:plc:firesim322","2026-07-08T12:17:35Z","false"
"did:plc:firesim323","2026-07-08T12:17:35Z","false"
"did:plc:firesim324","2026-07-08T12:17:35Z","false"
"did:plc:firesim325","2026-07-08T12:17:35Z","false"
"did:plc:firesim326","2026-07-08T12:17:35Z","false"
"did:plc:firesim327","2026-07-08T12:17:35Z","false"
"did:plc:firesim328","2026-07-08T12:17:35Z","false"
"did:plc:firesim329","2026-07-08T12:17:35Z","false"
"did:plc:firesim330","2026-07-08T12:17:35Z","false"
"did:plc:firesim331","2026-07-08T12:17:35Z","false"
"did:plc:firesim332","2026-07-08T12:17:35Z","false"
"did:plc:firesim333","2026-07-08T12:17:35Z","false"
"did:plc:firesim334","2026-07-08T12:17:35Z","false"
"did:plc:firesim335","2026-07-08T12:17:35Z","false"
"did:plc:firesim336","2026-07-08T12:17:35Z","false"
"did:plc:firesim337","2026-07-08T12:17:35Z","false"
"did:plc:firesim338","2026-07-08T12:17:35Z","false"
"did:plc:firesim339","2026-07-08T12:17:35Z","false"
"did:plc:firesim340","2026-07-08T12:17:35Z","false"
"did:plc:firesim341","2026-07-08T12:17:35Z","false"
"did:plc:firesim342","2026-07-08T12:17:35Z","false"
"did:plc:firesim343","2026-07-08T12:17:35Z","false"
"did:plc:firesim344","2026-07-08T12:17:35Z","false"
"did:plc:firesim345","2026-07-08T12:17:35Z","false"
"did:plc:firesim346","2026-07-08T12:17:35Z","false"
"did:plc:firesim347","2026-07-08T12:17:35Z","false"
"did:plc:firesim348","2026-07-08T12:17:35Z","false"
"did:plc:firesim349","2026-07-08T12:17:35Z","false"
"did:plc:firesim350","2026-07-08T12:17:35Z","false"
"did:plc:firesim351","2026-07-08T12:17:35Z","false"
"did:plc:firesim352","2026-07-08T12:17:35Z","false"
"did:plc:firesim353","2026-07-08T12:17:35Z","false"
"did:plc:firesim354","2026-07-08T12:17:35Z","false"
"did:plc:firesim355","2026-07-08T12:17:35Z","false"
"did:plc:firesim356","2026-07-08T12:17:35Z","false"
"did:plc:firesim357","2026-07-08T12:17:35Z","false"
"did:plc:firesim358","2026-07-08T12:17:35Z","false"
"did:plc:firesim359","2026-07-08T12:17:35Z","false"
"did:plc:firesim360","2026-07-08T12:17:35Z","false"
"did:plc:firesim361","2026-07-08T12:17:35Z","false"
"did:plc:firesim362","2026-07-08T12:17:35Z","false"
"did:plc:firesim363","2026-07-08T12:17:35Z","false"
"did:plc:firesim364","2026-07-08T12:17:35Z","false"
"did:plc:firesim365","2026-07-08T12:17:35Z","false"
"did:plc:firesim366","2026-07-08T12:17:35Z","false"
"did:plc:firesim367","2026-07-08T12:17:35Z","false"
"did:plc:firesim368","2026-07-08T12:17:35Z","false"
"did:plc:firesim369","2026-07-08T12:17:35Z","false"
"did:plc:firesim370","2026-07-08T12:17:35Z","false"
"did:plc:firesim371","2026-07-08T12:17:35Z","false"
"did:plc:firesim372","2026-07-08T12:17:35Z","false"
"did:plc:firesim373","2026-07-08T12:17:35Z","false"
"did:plc:firesim374","2026-07-08T12:17:35Z","false"
"did:plc:firesim375","2026-07-08T12:17:35Z","false"
"did:plc:firesim376","2026-07-08T12:17:35Z","false"
"did:plc:firesim377","2026-07-08T12:17:35Z","false"
"did:plc:firesim378","2026-07-08T12:17:35Z","false"
"did:plc:firesim379","2026-07-08T12:17:35Z","false"
"did:plc:firesim380","2026-07-08T12:17:35Z","false"
"did:plc:firesim381","2026-07-08T12:17:35Z","false"
"did:plc:firesim382","2026-07-08T12:17:35Z","false"
"did:plc:firesim383","2026-07-08T12:17:35Z","false"
"did:plc:firesim384","2026-07-08T12:17:35Z","false"
"did:plc:firesim385","2026-07-08T12:17:35Z","false"
"did:plc:firesim386","2026-07-08T12:17:35Z","false"
"did:plc:firesim387","2026-07-08T12:17:35Z","false"
"did:plc:firesim388","2026-07-08T12:17:35Z","false"
"did:plc:firesim389","2026-07-08T12:17:35Z","false"
"did:plc:firesim390","2026-07-08T12:17:35Z","false"
"did:plc:firesim391","2026-07-08T12:17:35Z","false"
"did:plc:firesim392","2026-07-08T12:17:35Z","false"
"did:plc:firesim393","2026-07-08T12:17:35Z","false"
"did:plc:firesim394","2026-07-08T12:17:35Z","false"
"did:plc:firesim395","2026-07-08T12:17:35Z","false"
"did:plc:firesim396","2026-07-08T12:17:35Z","false"
"did:plc:firesim397","2026-07-08T12:17:35Z","false"
"did:plc:firesim398","2026-07-08T12:17:35Z","false"
"did:plc:firesim399","2026-07-08T12:17:35Z","false"
"did:plc:firesim400","2026-07-08T12:17:35Z","false"
"did:plc:firesim401","2026-07-08T12:17:35Z","false"
"did:plc:firesim402","2026-07-08T12:17:35Z","false"
"did:plc:firesim403","2026-07-08T12:17:35Z","false"
"did:plc:firesim404","2026-07-08T12:17:35Z","false"
"did:plc:firesim405","2026-07-08T12:17:35Z","false"
"did:plc:firesim406","2026-07-08T12:17:35Z","false"
"did:plc:firesim407","2026-07-08T12:17:35Z","false"
"did:plc:firesim408","2026-07-08T12:17:35Z","false"
"did:plc:firesim409","2026-07-08T12:17:35Z","false"
"did:plc:firesim410","2026-07-08T12:17:35Z","false"
"did:plc:firesim411","2026-07-08T12:17:35Z","false"
"did:plc:firesim412","2026-07-08T12:17:35Z","false"
"did:plc:firesim413","2026-07-08T12:17:35Z","false"
"did:plc:firesim414","2026-07-08T12:17:35Z","false"
"did:plc:firesim415","2026-07-08T12:17:35Z","false"
"did:plc:firesim416","2026-07-08T12:17:35Z","false"
"did:plc:firesim417","2026-07-08T12:17:35Z","false"
"did:plc:firesim418","2026-07-08T12:17:35Z","false"
"did:plc:firesim419","2026-07-08T12:17:35Z","false"
"did:plc:firesim420","2026-07-08T12:17:35Z","false"
"did:plc:firesim421","2026-07-08T12:17:35Z","false"
"did:plc:firesim422","2026-07-08T12:17:35Z","false"
"did:plc:firesim423","2026-07-08T12:17:35Z","false"
"did:plc:firesim424","2026-07-08T12:17:35Z","false"
"did:plc:firesim425","2026-07-08T12:17:35Z","false"
"did:plc:firesim426","2026-07-08T12:17:35Z","false"
"did:plc:firesim427","2026-07-08T12:17:35Z","false"
"did:plc:firesim428","2026-07-08T12:17:35Z","false"
"did:plc:firesim429","2026-07-08T12:17:35Z","false"
"did:plc:firesim430","2026-07-08T12:17:35Z","false"
"did:plc:firesim431","2026-07-08T12:17:35Z","false"
"did:plc:firesim432","2026-07-08T12:17:35Z","false"
"did:plc:firesim433","2026-07-08T12:17:35Z","false"
"did:plc:firesim434","2026-07-08T12:17:35Z","false"
"did:plc:firesim435","2026-07-08T12:17:35Z","false"
"did:plc:firesim436","2026-07-08T12:17:35Z","false"
"did:plc:firesim437","2026-07-08T12:17:35Z","false"
"did:plc:firesim438","2026-07-08T12:17:35Z","false"
"did:plc:firesim439","2026-07-08T12:17:35Z","false"
"did:plc:firesim440","2026-07-08T12:17:35Z","false"
"did:plc:firesim441","2026-07-08T12:17:35Z","false"
"did:plc:firesim442","2026-07-08T12:17:35Z","false"
"did:plc:firesim443","2026-07-08T12:17:35Z","false"
"did:plc:firesim444","2026-07-08T12:17:35Z","false"
"did:plc:firesim445","2026-07-08T12:17:35Z","false"
"did:plc:firesim446","2026-07-08T12:17:35Z","false"
"did:plc:firesim447","2026-07-08T12:17:35Z","false"
"did:plc:firesim448","2026-07-08T12:17:35Z","false"
"did:plc:firesim449","2026-07-08T12:17:35Z","false"
"did:plc:firesim450","2026-07-08T12:17:35Z","false"
"did:plc:firesim451","2026-07-08T12:17:35Z","false"
"did:plc:firesim452","2026-07-08T12:17:35Z","false"
"did:plc:firesim453","2026-07-08T12:17:35Z","false"
"did:plc:firesim454","2026-07-08T12:17:35Z","false"
"did:plc:firesim455","2026-07-08T12:17:35Z","false"
"did:plc:firesim456","2026-07-08T12:17:35Z","false"
"did:plc:firesim457","2026-07-08T12:17:35Z","false"
"did:plc:firesim458","2026-07-08T12:17:35Z","false"
"did:plc:firesim459","2026-07-08T12:17:35Z","false"
"did:plc:firesim460","2026-07-08T12:17:35Z","false"
"did:plc:firesim461","2026-07-08T12:17:35Z","false"
"did:plc:firesim462","2026-07-08T12:17:35Z","false"
"did:plc:firesim463","2026-07-08T12:17:35Z","false"
"did:plc:firesim464","2026-07-08T12:17:35Z","false"
"did:plc:firesim465","2026-07-08T12:17:35Z","false"
"did:plc:firesim466","2026-07-08T12:17:35Z","false"
"did:plc:firesim467","2026-07-08T12:17:35Z","false"
"did:plc:firesim468","2026-07-08T12:17:35Z","false"
"did:plc:firesim469","2026-07-08T12:17:35Z","false"
"did:plc:firesim470","2026-07-08T12:17:35Z","false"
"did:plc:firesim471","2026-07-08T12:17:35Z","false"
"did:plc:firesim472","2026-07-08T12:17:35Z","false"
"did:plc:firesim473","2026-07-08T12:17:35Z","false"
"did:plc:firesim474","2026-07-08T12:17:35Z","false"
"did:plc:firesim475","2026-07-08T12:17:35Z","false"
"did:plc:firesim476","2026-07-08T12:17:35Z","false"
"did:plc:firesim477","2026-07-08T12:17:35Z","false"
"did:plc:firesim478","2026-07-08T12:17:35Z","false"
"did:plc:firesim479","2026-07-08T12:17:35Z","false"
"did:plc:firesim480","2026-07-08T12:17:35Z","false"
"did:plc:firesim481","2026-07-08T12:17:35Z","false"
"did:plc:firesim482","2026-07-08T12:17:35Z","false"
"did:plc:firesim483","2026-07-08T12:17:35Z","false"
"did:plc:firesim484","2026-07-08T12:17:35Z","false"
"did:plc:firesim485","2026-07-08T12:17:35Z","false"
"did:plc:firesim486","2026-07-08T12:17:35Z","false"
"did:plc:firesim487","2026-07-08T12:17:35Z","false"
"did:plc:firesim488","2026-07-08T12:17:35Z","false"
"did:plc:firesim489","2026-07-08T12:17:35Z","false"
"did:plc:firesim490","2026-07-08T12:17:35Z","false"
"did:plc:firesim491","2026-07-08T12:17:35Z","false"
"did:plc:firesim492","2026-07-08T12:17:35Z","false"
"did:plc:firesim493","2026-07-08T12:17:35Z","false"
"did:plc:firesim494","2026-07-08T12:17:35Z","false"
"did:plc:firesim495","2026-07-08T12:17:35Z","false"
"did:plc:firesim496","2026-07-08T12:17:35Z","false"
"did:plc:firesim497","2026-07-08T12:17:35Z","false"
"did:plc:firesim498","2026-07-08T12:17:35Z","false"
"did:plc:firesim499","2026-07-08T12:17:35Z","false"
"did:plc:firesim500","2026-07-08T12:17:35Z","false"
"did:plc:firesim501","2026-07-08T12:17:35Z","false"
"did:plc:firesim502","2026-07-08T12:17:35Z","false"
"did:plc:firesim503","2026-07-08T12:17:35Z","false"
"did:plc:firesim504","2026-07-08T12:17:35Z","false"
"did:plc:firesim505","2026-07-08T12:17:35Z","false"
"did:plc:firesim506","2026-07-08T12:17:35Z","false"
"did:plc:firesim507","2026-07-08T12:17:35Z","false"
"did:plc:firesim508","2026-07-08T12:17:35Z","false"
"did:plc:firesim509","2026-07-08T12:17:35Z","false"
"did:plc:firesim510","2026-07-08T12:17:35Z","false"
"did:plc:firesim511","2026-07-08T12:17:35Z","false"
"did:plc:firesim512","2026-07-08T12:17:35Z","false"
"did:plc:firesim513","2026-07-08T12:17:35Z","false"
"did:plc:firesim514","2026-07-08T12:17:35Z","false"
"did:plc:firesim515","2026-07-08T12:17:35Z","false"
"did:plc:firesim516","2026-07-08T12:17:35Z","false"
"did:plc:firesim517","2026-07-08T12:17:35Z","false"
"did:plc:firesim518","2026-07-08T12:17:35Z","false"
"did:plc:firesim519","2026-07-08T12:17:35Z","false"
"did:plc:firesim520","2026-07-08T12:17:35Z","false"
"did:plc:firesim521","2026-07-08T12:17:35Z","false"
"did:plc:firesim522","2026-07-08T12:17:35Z","false"
"did:plc:firesim523","2026-07-08T12:17:35Z","false"
"did:plc:firesim524","2026-07-08T12:17:35Z","false"
"did:plc:firesim525","2026-07-08T12:17:35Z","false"
"did:plc:firesim526","2026-07-08T12:17:35Z","false"
"did:plc:firesim527","2026-07-08T12:17:35Z","false"
"did:plc:firesim528","2026-07-08T12:17:35Z","false"
"did:plc:firesim529","2026-07-08T12:17:35Z","false"
"did:plc:firesim530","2026-07-08T12:17:35Z","false"
"did:plc:firesim531","2026-07-08T12:17:35Z","false"
"did:plc:firesim532","2026-07-08T12:17:35Z","false"
"did:plc:firesim533","2026-07-08T12:17:35Z","false"
"did:plc:firesim534","2026-07-08T12:17:35Z","false"
"did:plc:firesim535","2026-07-08T12:17:35Z","false"
"did:plc:firesim536","2026-07-08T12:17:35Z","false"
"did:plc:firesim537","2026-07-08T12:17:35Z","false"
"did:plc:firesim538","2026-07-08T12:17:35Z","false"
"did:plc:firesim539","2026-07-08T12:17:35Z","false"
"did:plc:firesim540","2026-07-08T12:17:35Z","false"
"did:plc:firesim541","2026-07-08T12:17:35Z","false"
"did:plc:firesim542","2026-07-08T12:17:35Z","false"
"did:plc:firesim543","2026-07-08T12:17:35Z","false"
"did:plc:firesim544","2026-07-08T12:17:35Z","false"
"did:plc:firesim545","2026-07-08T12:17:35Z","false"
"did:plc:firesim546","2026-07-08T12:17:35Z","false"
"did:plc:firesim547","2026-07-08T12:17:35Z","false"
"did:plc:firesim548","2026-07-08T12:17:35Z","false"
"did:plc:firesim549","2026-07-08T12:17:35Z","false"
"did:plc:firesim550","2026-07-08T12:17:35Z","false"
"did:plc:firesim551","2026-07-08T12:17:35Z","false"
"did:plc:firesim552","2026-07-08T12:17:35Z","false"
"did:plc:firesim553","2026-07-08T12:17:35Z","false"
"did:plc:firesim554","2026-07-08T12:17:35Z","false"
"did:plc:firesim555","2026-07-08T12:17:35Z","false"
"did:plc:firesim556","2026-07-08T12:17:35Z","false"
"did:plc:firesim557","2026-07-08T12:17:35Z","false"
"did:plc:firesim558","2026-07-08T12:17:35Z","false"
"did:plc:firesim559","2026-07-08T12:17:35Z","false"
"did:plc:firesim560","2026-07-08T12:17:35Z","false"
"did:plc:firesim561","2026-07-08T12:17:35Z","false"
"did:plc:firesim562","2026-07-08T12:17:35Z","false"
"did:plc:firesim563","2026-07-08T12:17:35Z","false"
"did:plc:firesim564","2026-07-08T12:17:35Z","false"
"did:plc:firesim565","2026-07-08T12:17:35Z","false"
"did:plc:firesim566","2026-07-08T12:17:35Z","false"
"did:plc:firesim567","2026-07-08T12:17:35Z","false"
"did:plc:firesim568","2026-07-08T12:17:35Z","false"
"did:plc:firesim569","2026-07-08T12:17:35Z","false"
"did:plc:firesim570","2026-07-08T12:17:35Z","false"
"did:plc:firesim571","2026-07-08T12:17:35Z","false"
"did:plc:firesim572","2026-07-08T12:17:35Z","false"
"did:plc:firesim573","2026-07-08T12:17:35Z","false"
"did:plc:firesim574","2026-07-08T12:17:35Z","false"
"did:plc:firesim575","2026-07-08T12:17:35Z","false"
"did:plc:firesim576","2026-07-08T12:17:35Z","false"
"did:plc:firesim577","2026-07-08T12:17:35Z","false"
"did:plc:firesim578","2026-07-08T12:17:35Z","false"
"did:plc:firesim579","2026-07-08T12:17:35Z","false"
"did:plc:firesim580","2026-07-08T12:17:35Z","false"
"did:plc:firesim581","2026-07-08T12:17:35Z","false"
"did:plc:firesim582","2026-07-08T12:17:35Z","false"
"did:plc:firesim583","2026-07-08T12:17:35Z","false"
"did:plc:firesim584","2026-07-08T12:17:35Z","false"
"did:plc:firesim585","2026-07-08T12:17:35Z","false"
"did:plc:firesim586","2026-07-08T12:17:35Z","false"
"did:plc:firesim587","2026-07-08T12:17:35Z","false"
"did:plc:firesim588","2026-07-08T12:17:35Z","false"
"did:plc:firesim589","2026-07-08T12:17:35Z","false"
"did:plc:firesim590","2026-07-08T12:17:35Z","false"
"did:plc:firesim591","2026-07-08T12:17:35Z","false"
"did:plc:firesim592","2026-07-08T12:17:35Z","false"
"did:plc:firesim593","2026-07-08T12:17:35Z","false"
"did:plc:firesim594","2026-07-08T12:17:35Z","false"
"did:plc:firesim595","2026-07-08T12:17:35Z","false"
"did:plc:firesim596","2026-07-08T12:17:35Z","false"
"did:plc:firesim597","2026-07-08T12:17:35Z","false"
"did:plc:firesim598","2026-07-08T12:17:35Z","false"
"did:plc:firesim599","2026-07-08T12:17:35Z","false"
"did:plc:firesim600","2026-07-08T12:17:35Z","false"
"did:plc:firesim601","2026-07-08T12:17:35Z","false"
"did:plc:firesim602","2026-07-08T12:17:35Z","false"
"did:plc:firesim603","2026-07-08T12:17:35Z","false"
"did:plc:firesim604","2026-07-08T12:17:35Z","false"
"did:plc:firesim605","2026-07-08T12:17:35Z","false"
"did:plc:firesim606","2026-07-08T12:17:35Z","false"
"did:plc:firesim607","2026-07-08T12:17:35Z","false"
"did:plc:firesim608","2026-07-08T12:17:35Z","false"
"did:plc:firesim609","2026-07-08T12:17:35Z","false"
"did:plc:firesim610","2026-07-08T12:17:35Z","false"
"did:plc:firesim611","2026-07-08T12:17:35Z","false"
"did:plc:firesim612","2026-07-08T12:17:35Z","false"
"did:plc:firesim613","2026-07-08T12:17:35Z","false"
"did:plc:firesim614","2026-07-08T12:17:35Z","false"
"did:plc:firesim615","2026-07-08T12:17:35Z","false"
"did:plc:firesim616","2026-07-08T12:17:35Z","false"
"did:plc:firesim617","2026-07-08T12:17:35Z","false"
"did:plc:firesim618","2026-07-08T12:17:35Z","false"
"did:plc:firesim619","2026-07-08T12:17:35Z","false"
"did:plc:firesim620","2026-07-08T12:17:35Z","false"
"did:plc:firesim621","2026-07-08T12:17:35Z","false"
"did:plc:firesim622","2026-07-08T12:17:35Z","false"
"did:plc:firesim623","2026-07-08T12:17:35Z","false"
"did:plc:firesim624","2026-07-08T12:17:35Z","false"
"did:plc:firesim625","2026-07-08T12:17:35Z","false"
"did:plc:firesim626","2026-07-08T12:17:35Z","false"
"did:plc:firesim627","2026-07-08T12:17:35Z","false"
"did:plc:firesim628","2026-07-08T12:17:35Z","false"
"did:plc:firesim629","2026-07-08T12:17:35Z","false"
"did:plc:firesim630","2026-07-08T12:17:35Z","false"
"did:plc:firesim631","2026-07-08T12:17:35Z","false"
"did:plc:firesim632","2026-07-08T12:17:35Z","false"
"did:plc:firesim633","2026-07-08T12:17:35Z","false"
"did:plc:firesim634","2026-07-08T12:17:35Z","false"
"did:plc:firesim635","2026-07-08T12:17:35Z","false"
"did:plc:firesim636","2026-07-08T12:17:35Z","false"
"did:plc:firesim637","2026-07-08T12:17:35Z","false"
"did:plc:firesim638","2026-07-08T12:17:35Z","false"
"did:plc:firesim639","2026-07-08T12:17:35Z","false"
"did:plc:firesim640","2026-07-08T12:17:35Z","false"
"did:plc:firesim641","2026-07-08T12:17:35Z","false"
"did:plc:firesim642","2026-07-08T12:17:35Z","false"
"did:plc:firesim643","2026-07-08T12:17:35Z","false"
"did:plc:firesim644","2026-07-08T12:17:35Z","false"
"did:plc:firesim645","2026-07-08T12:17:35Z","false"
"did:plc:firesim646","2026-07-08T12:17:35Z","false"
"did:plc:firesim647","2026-07-08T12:17:35Z","false"
"did:plc:firesim648","2026-07-08T12:17:35Z","false"
"did:plc:firesim649","2026-07-08T12:17:35Z","false"
"did:plc:firesim650","2026-07-08T12:17:35Z","false"
"did:plc:firesim651","2026-07-08T12:17:35Z","false"
"did:plc:firesim652","2026-07-08T12:17:35Z","false"
"did:plc:firesim653","2026-07-08T12:17:35Z","false"
"did:plc:firesim654","2026-07-08T12:17:35Z","false"
"did:plc:firesim655","2026-07-08T12:17:35Z","false"
"did:plc:firesim656","2026-07-08T12:17:35Z","false"
"did:plc:firesim657","2026-07-08T12:17:35Z","false"
"did:plc:firesim658","2026-07-08T12:17:35Z","false"
"did:plc:firesim659","2026-07-08T12:17:35Z","false"
"did:plc:firesim660","2026-07-08T12:17:35Z","false"
"did:plc:firesim661","2026-07-08T12:17:35Z","false"
"did:plc:firesim662","2026-07-08T12:17:35Z","false"
"did:plc:firesim663","2026-07-08T12:17:35Z","false"
"did:plc:firesim664","2026-07-08T12:17:35Z","false"
"did:plc:firesim665","2026-07-08T12:17:35Z","false"
"did:plc:firesim666","2026-07-08T12:17:35Z","false"
"did:plc:firesim667","2026-07-08T12:17:35Z","false"
"did:plc:firesim668","2026-07-08T12:17:35Z","false"
"did:plc:firesim669","2026-07-08T12:17:35Z","false"
"did:plc:firesim670","2026-07-08T12:17:35Z","false"
"did:plc:firesim671","2026-07-08T12:17:35Z","false"
"did:plc:firesim672","2026-07-08T12:17:35Z","false"
"did:plc:firesim673","2026-07-08T12:17:35Z","false"
"did:plc:firesim674","2026-07-08T12:17:35Z","false"
"did:plc:firesim675","2026-07-08T12:17:35Z","false"
"did:plc:firesim676","2026-07-08T12:17:35Z","false"
"did:plc:firesim677","2026-07-08T12:17:35Z","false"
"did:plc:firesim678","2026-07-08T12:17:35Z","false"
"did:plc:firesim679","2026-07-08T12:17:35Z","false"
"did:plc:firesim680","2026-07-08T12:17:35Z","false"
"did:plc:firesim681","2026-07-08T12:17:35Z","false"
"did:plc:firesim682","2026-07-08T12:17:35Z","false"
"did:plc:firesim683","2026-07-08T12:17:35Z","false"
"did:plc:firesim684","2026-07-08T12:17:35Z","false"
"did:plc:firesim685","2026-07-08T12:17:35Z","false"
"did:plc:firesim686","2026-07-08T12:17:35Z","false"
"did:plc:firesim687","2026-07-08T12:17:35Z","false"
"did:plc:firesim688","2026-07-08T12:17:35Z","false"
"did:plc:firesim689","2026-07-08T12:17:35Z","false"
"did:plc:firesim690","2026-07-08T12:17:35Z","false"
"did:plc:firesim691","2026-07-08T12:17:35Z","false"
"did:plc:firesim692","2026-07-08T12:17:35Z","false"
"did:plc:firesim693","2026-07-08T12:17:35Z","false"
"did:plc:firesim694","2026-07-08T12:17:35Z","false"
"did:plc:firesim695","2026-07-08T12:17:35Z","false"
"did:plc:firesim696","2026-07-08T12:17:35Z","false"
"did:plc:firesim697","2026-07-08T12:17:35Z","false"
"did:plc:firesim698","2026-07-08T12:17:35Z","false"
"did:plc:firesim699","2026-07-08T12:17:35Z","false"
"did:plc:firesim700","2026-07-08T12:17:35Z","false"
"did:plc:firesim701","2026-07-08T12:17:35Z","false"
"did:plc:firesim702","2026-07-08T12:17:35Z","false"
"did:plc:firesim703","2026-07-08T12:17:35Z","false"
"did:plc:firesim704","2026-07-08T12:17:35Z","false"
"did:plc:firesim705","2026-07-08T12:17:35Z","false"
"did:plc:firesim706","2026-07-08T12:17:35Z","false"
"did:plc:firesim707","2026-07-08T12:17:35Z","false"
"did:plc:firesim708","2026-07-08T12:17:35Z","false"
"did:plc:firesim709","2026-07-08T12:17:35Z","false"
"did:plc:firesim710","2026-07-08T12:17:35Z","false"
"did:plc:firesim711","2026-07-08T12:17:35Z","false"
"did:plc:firesim712","2026-07-08T12:17:35Z","false"
"did:plc:firesim713","2026-07-08T12:17:35Z","false"
"did:plc:firesim714","2026-07-08T12:17:35Z","false"
"did:plc:firesim715","2026-07-08T12:17:35Z","false"
"did:plc:firesim716","2026-07-08T12:17:35Z","false"
"did:plc:firesim717","2026-07-08T12:17:35Z","false"
"did:plc:firesim718","2026-07-08T12:17:35Z","false"
"did:plc:firesim719","2026-07-08T12:17:35Z","false"
"did:plc:firesim720","2026-07-08T12:17:35Z","false"
"did:plc:firesim721","2026-07-08T12:17:35Z","false"
"did:plc:firesim722","2026-07-08T12:17:35Z","false"
"did:plc:firesim723","2026-07-08T12:17:35Z","false"
"did:plc:firesim724","2026-07-08T12:17:35Z","false"
"did:plc:firesim725","2026-07-08T12:17:35Z","false"
"did:plc:firesim726","2026-07-08T12:17:35Z","false"
"did:plc:firesim727","2026-07-08T12:17:35Z","false"
"did:plc:firesim728","2026-07-08T12:17:35Z","false"
"did:plc:firesim729","2026-07-08T12:17:35Z","false"
"did:plc:firesim730","2026-07-08T12:17:35Z","false"
"did:plc:firesim731","2026-07-08T12:17:35Z","false"
"did:plc:firesim732","2026-07-08T12:17:35Z","false"
"did:plc:firesim733","2026-07-08T12:17:35Z","false"
"did:plc:firesim734","2026-07-08T12:17:35Z","false"
"did:plc:firesim735","2026-07-08T12:17:35Z","false"
"did:plc:firesim736","2026-07-08T12:17:35Z","false"
"did:plc:firesim737","2026-07-08T12:17:35Z","false"
"did:plc:firesim738","2026-07-08T12:17:35Z","false"
"did:plc:firesim739","2026-07-08T12:17:35Z","false"
"did:plc:firesim740","2026-07-08T12:17:35Z","false"
"did:plc:firesim741","2026-07-08T12:17:35Z","false"
"did:plc:firesim742","2026-07-08T12:17:35Z","false"
"did:plc:firesim743","2026-07-08T12:17:35Z","false"
"did:plc:firesim744","2026-07-08T12:17:35Z","false"
"did:plc:firesim745","2026-07-08T12:17:35Z","false"
"did:plc:firesim746","2026-07-08T12:17:35Z","false"
"did:plc:firesim747","2026-07-08T12:17:35Z","false"
"did:plc:firesim748","2026-07-08T12:17:35Z","false"
"did:plc:firesim749","2026-07-08T12:17:35Z","false"
"did:plc:firesim750","2026-07-08T12:17:35Z","false"
"did:plc:firesim751","2026-07-08T12:17:35Z","false"
"did:plc:firesim752","2026-07-08T12:17:35Z","false"
"did:plc:firesim753","2026-07-08T12:17:35Z","false"
"did:plc:firesim754","2026-07-08T12:17:35Z","false"
"did:plc:firesim755","2026-07-08T12:17:35Z","false"
"did:plc:firesim756","2026-07-08T12:17:35Z","false"
"did:plc:firesim757","2026-07-08T12:17:35Z","false"
"did:plc:firesim758","2026-07-08T12:17:35Z","false"
"did:plc:firesim759","2026-07-08T12:17:35Z","false"
"did:plc:firesim760","2026-07-08T12:17:35Z","false"
"did:plc:firesim761","2026-07-08T12:17:35Z","false"
"did:plc:firesim762","2026-07-08T12:17:35Z","false"
"did:plc:firesim763","2026-07-08T12:17:35Z","false"
"did:plc:firesim764","2026-07-08T12:17:35Z","false"
"did:plc:firesim765","2026-07-08T12:17:35Z","false"
"did:plc:firesim766","2026-07-08T12:17:35Z","false"
"did:plc:firesim767","2026-07-08T12:17:35Z","false"
"did:plc:firesim768","2026-07-08T12:17:35Z","false"
"did:plc:firesim769","2026-07-08T12:17:35Z","false"
"did:plc:firesim770","2026-07-08T12:17:35Z","false"
"did:plc:firesim771","2026-07-08T12:17:35Z","false"
"did:plc:firesim772","2026-07-08T12:17:35Z","false"
"did:plc:firesim773","2026-07-08T12:17:35Z","false"
"did:plc:firesim774","2026-07-08T12:17:35Z","false"
"did:plc:firesim775","2026-07-08T12:17:35Z","false"
"did:plc:firesim776","2026-07-08T12:17:35Z","false"
"did:plc:firesim777","2026-07-08T12:17:35Z","false"
"did:plc:firesim778","2026-07-08T12:17:35Z","false"
"did:plc:firesim779","2026-07-08T12:17:35Z","false"
"did:plc:firesim780","2026-07-08T12:17:35Z","false"
"did:plc:firesim781","2026-07-08T12:17:35Z","false"
"did:plc:firesim782","2026-07-08T12:17:35Z","false"
"did:plc:firesim783","2026-07-08T12:17:35Z","false"
"did:plc:firesim784","2026-07-08T12:17:35Z","false"
"did:plc:firesim785","2026-07-08T12:17:35Z","false"
"did:plc:firesim786","2026-07-08T12:17:35Z","false"
"did:plc:firesim787","2026-07-08T12:17:35Z","false"
"did:plc:firesim788","2026-07-08T12:17:35Z","false"
"did:plc:firesim789","2026-07-08T12:17:35Z","false"
"did:plc:firesim790","2026-07-08T12:17:35Z","false"
"did:plc:firesim791","2026-07-08T12:17:35Z","false"
"did:plc:firesim792","2026-07-08T12:17:35Z","false"
"did:plc:firesim793","2026-07-08T12:17:35Z","false"
"did:plc:firesim794","2026-07-08T12:17:35Z","false"
"did:plc:firesim795","2026-07-08T12:17:35Z","false"
"did:plc:firesim796","2026-07-08T12:17:35Z","false"
"did:plc:firesim797","2026-07-08T12:17:35Z","false"
"did:plc:firesim798","2026-07-08T12:17:35Z","false"
"did:plc:firesim799","2026-07-08T12:17:35Z","false"
"did:plc:firesim800","2026-07-08T12:17:35Z","false"
"did:plc:firesim801","2026-07-08T12:17:35Z","false"
"did:plc:firesim802","2026-07-08T12:17:35Z","false"
"did:plc:firesim803","2026-07-08T12:17:35Z","false"
"did:plc:firesim804","2026-07-08T12:17:35Z","false"
"did:plc:firesim805","2026-07-08T12:17:35Z","false"
"did:plc:firesim806","2026-07-08T12:17:35Z","false"
"did:plc:firesim807","2026-07-08T12:17:35Z","false"
"did:plc:firesim808","2026-07-08T12:17:35Z","false"
"did:plc:firesim809","2026-07-08T12:17:35Z","false"
"did:plc:firesim810","2026-07-08T12:17:35Z","false"
"did:plc:firesim811","2026-07-08T12:17:35Z","false"
"did:plc:firesim812","2026-07-08T12:17:35Z","false"
"did:plc:firesim813","2026-07-08T12:17:35Z","false"
"did:plc:firesim814","2026-07-08T12:17:35Z","false"
"did:plc:firesim815","2026-07-08T12:17:35Z","false"
"did:plc:firesim816","2026-07-08T12:17:35Z","false"
"did:plc:firesim817","2026-07-08T12:17:35Z","false"
"did:plc:firesim818","2026-07-08T12:17:35Z","false"
"did:plc:firesim819","2026-07-08T12:17:35Z","false"
"did:plc:firesim820","2026-07-08T12:17:35Z","false"
"did:plc:firesim821","2026-07-08T12:17:35Z","false"
"did:plc:firesim822","2026-07-08T12:17:35Z","false"
"did:plc:firesim823","2026-07-08T12:17:35Z","false"
"did:plc:firesim824","2026-07-08T12:17:35Z","false"
"did:plc:firesim825","2026-07-08T12:17:35Z","false"
"did:plc:firesim826","2026-07-08T12:17:35Z","false"
"did:plc:firesim827","2026-07-08T12:17:35Z","false"
"did:plc:firesim828","2026-07-08T12:17:35Z","false"
"did:plc:firesim829","2026-07-08T12:17:35Z","false"
"did:plc:firesim830","2026-07-08T12:17:35Z","false"
"did:plc:firesim831","2026-07-08T12:17:35Z","false"
"did:plc:firesim832","2026-07-08T12:17:35Z","false"
"did:plc:firesim833","2026-07-08T12:17:35Z","false"
"did:plc:firesim834","2026-07-08T12:17:35Z","false"
"did:plc:firesim835","2026-07-08T12:17:35Z","false"
"did:plc:firesim836","2026-07-08T12:17:35Z","false"
"did:plc:firesim837","2026-07-08T12:17:35Z","false"
"did:plc:firesim838","2026-07-08T12:17:35Z","false"
"did:plc:firesim839","2026-07-08T12:17:35Z","false"
"did:plc:firesim840","2026-07-08T12:17:35Z","false"
"did:plc:firesim841","2026-07-08T12:17:35Z","false"
"did:plc:firesim842","2026-07-08T12:17:35Z","false"
"did:plc:firesim843","2026-07-08T12:17:35Z","false"
"did:plc:firesim844","2026-07-08T12:17:35Z","false"
"did:plc:firesim845","2026-07-08T12:17:35Z","false"
"did:plc:firesim846","2026-07-08T12:17:35Z","false"
"did:plc:firesim847","2026-07-08T12:17:35Z","false"
"did:plc:firesim848","2026-07-08T12:17:35Z","false"
"did:plc:firesim849","2026-07-08T12:17:35Z","false"
"did:plc:firesim850","2026-07-08T12:17:35Z","false"
"did:plc:firesim851","2026-07-08T12:17:35Z","false"
"did:plc:firesim852","2026-07-08T12:17:35Z","false"
"did:plc:firesim853","2026-07-08T12:17:35Z","false"
"did:plc:firesim854","2026-07-08T12:17:35Z","false"
"did:plc:firesim855","2026-07-08T12:17:35Z","false"
"did:plc:firesim856","2026-07-08T12:17:35Z","false"
"did:plc:firesim857","2026-07-08T12:17:35Z","false"
"did:plc:firesim858","2026-07-08T12:17:35Z","false"
"did:plc:firesim859","2026-07-08T12:17:35Z","false"
"did:plc:firesim860","2026-07-08T12:17:35Z","false"
"did:plc:firesim861","2026-07-08T12:17:35Z","false"
"did:plc:firesim862","2026-07-08T12:17:35Z","false"
"did:plc:firesim863","2026-07-08T12:17:35Z","false"
"did:plc:firesim864","2026-07-08T12:17:35Z","false"
"did:plc:firesim865","2026-07-08T12:17:35Z","false"
"did:plc:firesim866","2026-07-08T12:17:35Z","false"
"did:plc:firesim867","2026-07-08T12:17:35Z","false"
"did:plc:firesim868","2026-07-08T12:17:35Z","false"
"did:plc:firesim869","2026-07-08T12:17:35Z","false"
"did:plc:firesim870","2026-07-08T12:17:35Z","false"
"did:plc:firesim871","2026-07-08T12:17:35Z","false"
"did:plc:firesim872","2026-07-08T12:17:35Z","false"
"did:plc:firesim873","2026-07-08T12:17:35Z","false"
"did:plc:firesim874","2026-07-08T12:17:35Z","false"
"did:plc:firesim875","2026-07-08T12:17:35Z","false"
"did:plc:firesim876","2026-07-08T12:17:35Z","false"
"did:plc:firesim877","2026-07-08T12:17:35Z","false"
"did:plc:firesim878","2026-07-08T12:17:35Z","false"
"did:plc:firesim879","2026-07-08T12:17:35Z","false"
"did:plc:firesim880","2026-07-08T12:17:35Z","false"
"did:plc:firesim881","2026-07-08T12:17:35Z","false"
"did:plc:firesim882","2026-07-08T12:17:35Z","false"
"did:plc:firesim883","2026-07-08T12:17:35Z","false"
"did:plc:firesim884","2026-07-08T12:17:35Z","false"
"did:plc:firesim885","2026-07-08T12:17:35Z","false"
"did:plc:firesim886","2026-07-08T12:17:35Z","false"
"did:plc:firesim887","2026-07-08T12:17:35Z","false"
"did:plc:firesim888","2026-07-08T12:17:35Z","false"
"did:plc:firesim889","2026-07-08T12:17:35Z","false"
"did:plc:firesim890","2026-07-08T12:17:35Z","false"
"did:plc:firesim891","2026-07-08T12:17:35Z","false"
"did:plc:firesim892","2026-07-08T12:17:35Z","false"
"did:plc:firesim893","2026-07-08T12:17:35Z","false"
"did:plc:firesim894","2026-07-08T12:17:35Z","false"
"did:plc:firesim895","2026-07-08T12:17:35Z","false"
"did:plc:firesim896","2026-07-08T12:17:35Z","false"
"did:plc:firesim897","2026-07-08T12:17:35Z","false"
"did:plc:firesim898","2026-07-08T12:17:35Z","false"
"did:plc:firesim899","2026-07-08T12:17:35Z","false"
"did:plc:firesim900","2026-07-08T12:17:35Z","false"
"did:plc:firesim901","2026-07-08T12:17:35Z","false"
"did:plc:firesim902","2026-07-08T12:17:35Z","false"
"did:plc:firesim903","2026-07-08T12:17:35Z","false"
"did:plc:firesim904","2026-07-08T12:17:35Z","false"
"did:plc:firesim905","2026-07-08T12:17:35Z","false"
"did:plc:firesim906","2026-07-08T12:17:35Z","false"
"did:plc:firesim907","2026-07-08T12:17:35Z","false"
"did:plc:firesim908","2026-07-08T12:17:35Z","false"
"did:plc:firesim909","2026-07-08T12:17:35Z","false"
"did:plc:firesim910","2026-07-08T12:17:35Z","false"
"did:plc:firesim911","2026-07-08T12:17:35Z","false"
"did:plc:firesim912","2026-07-08T12:17:35Z","false"
"did:plc:firesim913","2026-07-08T12:17:35Z","false"
"did:plc:firesim914","2026-07-08T12:17:35Z","false"
"did:plc:firesim915","2026-07-08T12:17:35Z","false"
"did:plc:firesim916","2026-07-08T12:17:35Z","false"
"did:plc:firesim917","2026-07-08T12:17:35Z","false"
"did:plc:firesim918","2026-07-08T12:17:35Z","false"
"did:plc:firesim919","2026-07-08T12:17:35Z","false"
"did:plc:firesim920","2026-07-08T12:17:35Z","false"
"did:plc:firesim921","2026-07-08T12:17:35Z","false"
"did:plc:firesim922","2026-07-08T12:17:35Z","false"
"did:plc:firesim923","2026-07-08T12:17:35Z","false"
"did:plc:firesim924","2026-07-08T12:17:35Z","false"
"did:plc:firesim925","2026-07-08T12:17:35Z","false"
"did:plc:firesim926","2026-07-08T12:17:35Z","false"
"did:plc:firesim927","2026-07-08T12:17:35Z","false"
"did:plc:firesim928","2026-07-08T12:17:35Z","false"
"did:plc:firesim929","2026-07-08T12:17:35Z","false"
"did:plc:firesim930","2026-07-08T12:17:35Z","false"
"did:plc:firesim931","2026-07-08T12:17:35Z","false"
"did:plc:firesim932","2026-07-08T12:17:35Z","false"
"did:plc:firesim933","2026-07-08T12:17:35Z","false"
"did:plc:firesim934","2026-07-08T12:17:35Z","false"
"did:plc:firesim935","2026-07-08T12:17:35Z","false"
"did:plc:firesim936","2026-07-08T12:17:35Z","false"
"did:plc:firesim937","2026-07-08T12:17:35Z","false"
"did:plc:firesim938","2026-07-08T12:17:35Z","false"
"did:plc:firesim939","2026-07-08T12:17:35Z","false"
"did:plc:firesim940","2026-07-08T12:17:35Z","false"
"did:plc:firesim941","2026-07-08T12:17:35Z","false"
"did:plc:firesim942","2026-07-08T12:17:35Z","false"
"did:plc:firesim943","2026-07-08T12:17:35Z","false"
"did:plc:firesim944","2026-07-08T12:17:35Z","false"
"did:plc:firesim945","2026-07-08T12:17:35Z","false"
"did:plc:firesim946","2026-07-08T12:17:35Z","false"
"did:plc:firesim947","2026-07-08T12:17:35Z","false"
"did:plc:firesim948","2026-07-08T12:17:35Z","false"
"did:plc:firesim949","2026-07-08T12:17:35Z","false"
"did:plc:firesim950","2026-07-08T12:17:35Z","false"
"did:plc:firesim951","2026-07-08T12:17:35Z","false"
"did:plc:firesim952","2026-07-08T12:17:35Z","false"
"did:plc:firesim953","2026-07-08T12:17:35Z","false"
"did:plc:firesim954","2026-07-08T12:17:35Z","false"
"did:plc:firesim955","2026-07-08T12:17:35Z","false"
"did:plc:firesim956","2026-07-08T12:17:35Z","false"
"did:plc:firesim957","2026-07-08T12:17:35Z","false"
"did:plc:firesim958","2026-07-08T12:17:35Z","false"
"did:plc:firesim959","2026-07-08T12:17:35Z","false"
"did:plc:firesim960","2026-07-08T12:17:35Z","false"
"did:plc:firesim961","2026-07-08T12:17:35Z","false"
"did:plc:firesim962","2026-07-08T12:17:35Z","false"
"did:plc:firesim963","2026-07-08T12:17:35Z","false"
"did:plc:firesim964","2026-07-08T12:17:35Z","false"
"did:plc:firesim965","2026-07-08T12:17:35Z","false"
"did:plc:firesim966","2026-07-08T12:17:35Z","false"
"did:plc:firesim967","2026-07-08T12:17:35Z","false"
"did:plc:firesim968","2026-07-08T12:17:35Z","false"
"did:plc:firesim969","2026-07-08T12:17:35Z","false"
"did:plc:firesim970","2026-07-08T12:17:35Z","false"
"did:plc:firesim971","2026-07-08T12:17:35Z","false"
"did:plc:firesim972","2026-07-08T12:17:35Z","false"
"did:plc:firesim973","2026-07-08T12:17:35Z","false"
"did:plc:firesim974","2026-07-08T12:17:35Z","false"
"did:plc:firesim975","2026-07-08T12:17:35Z","false"
"did:plc:firesim976","2026-07-08T12:17:35Z","false"
"did:plc:firesim977","2026-07-08T12:17:35Z","false"
"did:plc:firesim978","2026-07-08T12:17:35Z","false"
"did:plc:firesim979","2026-07-08T12:17:35Z","false"
"did:plc:firesim980","2026-07-08T12:17:35Z","false"
"did:plc:firesim981","2026-07-08T12:17:35Z","false"
"did:plc:firesim982","2026-07-08T12:17:35Z","false"
"did:plc:firesim983","2026-07-08T12:17:35Z","false"
"did:plc:firesim984","2026-07-08T12:17:35Z","false"
"did:plc:firesim985","2026-07-08T12:17:35Z","false"
"did:plc:firesim986","2026-07-08T12:17:35Z","false"
"did:plc:firesim987","2026-07-08T12:17:35Z","false"
"did:plc:firesim988","2026-07-08T12:17:35Z","false"
"did:plc:firesim989","2026-07-08T12:17:35Z","false"
"did:plc:firesim990","2026-07-08T12:17:35Z","false"
"did:plc:firesim991","2026-07-08T12:17:35Z","false"
"did:plc:firesim992","2026-07-08T12:17:35Z","false"
"did:plc:firesim993","2026-07-08T12:17:35Z","false"
"did:plc:firesim994","2026-07-08T12:17:35Z","false"
"did:plc:firesim995","2026-07-08T12:17:35Z","false"
"did:plc:firesim996","2026-07-08T12:17:35Z","false"
"did:plc:firesim997","2026-07-08T12:17:35Z","false"
"did:plc:firesim998","2026-07-08T12:17:35Z","false"
"did:plc:firesim999","2026-07-08T12:17:35Z","false"
"did:plc:firesim1000","2026-07-08T12:17:35Z","false"
